<?xml version="1.0"?>
<doc>
    <assembly>
        <name>MicroserviceTemplate</name>
    </assembly>
    <members>
        <member name="T:MicroServiceTemplate.BaseConfiguration">
            <summary>
            Основная конфигураия сервиса
            </summary>
        </member>
        <member name="T:MicroserviceTemplate.Config.SwaggerConfig">
            <summary>
            Настройки swagger
            </summary>
        </member>
        <member name="P:MicroserviceTemplate.Config.SwaggerConfig.IsEnabled">
            <summary>
            Отключить swagger, например для продуктивного окружения
            </summary>
        </member>
        <member name="P:MicroserviceTemplate.Config.SwaggerConfig.EndpointPrefix">
            <summary>
            Префикс необходим для использования swagger в rancher под балансировкой ingress контроллера.
            Префикс применяется для указания пути к swagger.json файлу.
            </summary>
        </member>
    </members>
</doc>
